indicator,n,ols_slope_per_decade,slope_ci95_low,slope_ci95_high,pearson_r,ols_p_value,r_squared,spearman_rho,spearman_p_value
Agricultural labour,4,-291177.7,-566926.6838781084,-15428.716121891572,-0.9548142678002741,0.04518573219972589,0.9116702859949736,-1.0,0.0
Agricultural area,4,-97670.3,-620109.9151850303,424769.31518503034,-0.4944053485384274,0.5055946514615726,0.24443664866340387,-0.7999999999999999,0.20000000000000007
Holdings with temporary crops,4,-108098.79999999999,-194327.99851933273,-21869.60148066726,-0.9673051299312819,0.03269487006871807,0.9356792143913742,-1.0,0.0
Holdings with permanent crops,4,-83937.70000000001,-161148.70193557133,-6726.6980644287105,-0.9572066409923692,0.042793359007630816,0.9162445535598943,-1.0,0.0
Permanent grasslands and pastures,4,413746.4,212357.30970272294,615135.4902972771,0.9874428773193495,0.01255712268065046,0.975043435968716,1.0,0.0
Agricultural area per worker,4,1.6405701343588586,1.2516077680411746,2.0295325006765426,0.9969774015989694,0.003022598401030585,0.9939639392990327,1.0,0.0
