indicator,n,ols_slope_per_decade,slope_ci95_low,slope_ci95_high,pearson_r,ols_p_value,r_squared,spearman_rho,spearman_p_value
Agricultural labour,4,-291177.7,-566926.6838815256,-15428.716118474433,-0.9548142678002741,0.04518573219972589,0.9116702859949736,-1.0,0.0
Agricultural area,4,-97670.3,-620109.9151915046,424769.31519150466,-0.4944053485384274,0.5055946514615726,0.24443664866340387,-0.7999999999999999,0.2000000000000001
Holdings with temporary crops,4,-108098.79999999999,-194327.9985204013,-21869.60147959867,-0.9673051299312819,0.03269487006871807,0.9356792143913742,-1.0,0.0
Holdings with permanent crops,4,-83937.70000000001,-161148.70193652814,-6726.698063471878,-0.9572066409923692,0.04279335900763082,0.9162445535598943,-1.0,0.0
Permanent grasslands and pastures,4,413746.4,212357.30970022726,615135.4902997728,0.9874428773193495,0.012557122680650458,0.975043435968716,1.0,0.0
Agricultural area per worker,4,1.6405701343588583,1.2516077680363256,2.029532500681391,0.996977401598969,0.0030225984010310296,0.9939639392990318,1.0,0.0
